Workbook

Sheet Inicio
B2: M101 Fichas de trabajo
B3: Fundamentos de sistemas cognitivos · Actividades breves para mecanizar conceptos y discutir decisiones.
B5: Cómo usar el libro
B6: 1 | C6: Trabaja las fichas en orden o selecciona las que correspondan al tiempo disponible.
B7: 2 | C7: Escribe únicamente en las celdas color ámbar. Las celdas azules contienen resultados calculados.
B8: 3 | C8: Compara tus respuestas con la hoja “Clave” después de discutir con el equipo.
B9: 4 | C9: Los ejemplos de seguridad son didácticos. No sustituyen procedimientos ni normativa.
B11: Ruta sugerida
B12: Ficha | C12: Actividad | D12: Concepto | E12: Modalidad | F12: Tiempo | G12: Producto
B13: F01 | C13: Ciclo cognitivo | D13: Percepción, memoria, decisión y acción | E13: Equipo | F13: 8 min | G13: Mapa del ciclo
B14: F02 | C14: Estado, observación y creencia | D14: Incertidumbre y representación | E14: Individual | F14: 7 min | G14: Clasificación
B15: F03 | C15: Enfoques cognitivos | D15: Simbólico, conexionista, probabilístico e híbrido | E15: Parejas | F15: 8 min | G15: Selección razonada
B16: F04 | C16: Actualizar con Bayes | D16: Creencia previa, sensor y posterior | E16: Parejas | F16: 10 min | G16: Cálculo
B17: F05 | C17: Comparar utilidades | D17: EU y decisión bajo incertidumbre | E17: Equipo | F17: 10 min | G17: Recomendación
B18: F06 | C18: Calcular un umbral | D18: Costos, riesgo y política | E18: Individual | F18: 8 min | G18: Regla de decisión
B19: F07 | C19: Probabilidad o gradualidad | D19: Probabilidad y lógica difusa | E19: Parejas | F19: 7 min | G19: Clasificación
B20: F08 | C20: Representar y optimizar | D20: Ontología, proceso y trazabilidad | E20: Equipo | F20: 12 min | G20: Mini diseño
B22: Tiempo total sugerido: 70 minutos.

Sheet F01 Ciclo
B2: F01 Completar el ciclo cognitivo
B3: Caso: un sistema supervisa el acceso a un laboratorio y debe responder a eventos inciertos.
B5: Instrucción: describe qué información necesitaría el sistema en cada etapa. Usa frases breves y observables.
B7: Etapa | C7: Pregunta guía | D7: Respuesta del equipo | E7: Dato o evidencia | F7: Riesgo de error | G7: Verificación
B8: Percibir | C8: ¿Qué detecta? | G8: Pendiente
B9: Representar | C9: ¿Cómo organiza lo detectado? | G9: Pendiente
B10: Recordar | C10: ¿Qué conserva del pasado? | G10: Pendiente
B11: Razonar | C11: ¿Qué hipótesis compara? | G11: Pendiente
B12: Decidir | C12: ¿Qué criterio usa? | G12: Pendiente
B13: Actuar | C13: ¿Qué cambia en el entorno? | G13: Pendiente
B14: Aprender | C14: ¿Qué retroalimentación incorpora? | G14: Pendiente
B16: Cierre
B17: ¿Qué etapa fallaría primero si el sensor entrega datos ambiguos?

Sheet F02 Creencias
B2: F02 Estado, observación, creencia o acción
B3: Distingue lo que ocurre en el mundo de lo que el sistema percibe o supone.
B5: Instrucción: clasifica cada enunciado. Después escribe una justificación de una línea.
B7: # | C7: Enunciado | D7: Tu clasificación | E7: Justificación | F7: Resultado
B8: 1 | C8: La pista contiene un objeto extraño. | F8: =IF(D8=Clave!B4,"Correcto","Revisar") -> Revisar
B9: 2 | C9: El sensor emite una alerta. | F9: =IF(D9=Clave!B5,"Correcto","Revisar") -> Revisar
B10: 3 | C10: El sistema estima 26.9 % de contaminación. | F10: =IF(D10=Clave!B6,"Correcto","Revisar") -> Revisar
B11: 4 | C11: El operador solicita una inspección. | F11: =IF(D11=Clave!B7,"Correcto","Revisar") -> Revisar
B12: 5 | C12: La meta es mantener la operación segura. | F12: =IF(D12=Clave!B8,"Correcto","Revisar") -> Revisar
B13: 6 | C13: Una cámara muestra una zona oscura sobre el pavimento. | F13: =IF(D13=Clave!B9,"Correcto","Revisar") -> Revisar

Sheet F03 Enfoques
B2: F03 Elegir un enfoque cognitivo
B3: Relaciona el tipo de problema con el enfoque que mejor aporta una solución inicial.
B5: Opciones: Simbólico, Conexionista, Probabilístico o Híbrido. No existe una arquitectura universal.
B7: Caso | C7: Necesidad principal | D7: Enfoque elegido | E7: ¿Por qué? | F7: Complemento útil | G7: Revisión
B8: A | C8: Aplicar reglas explícitas y auditables para autorizar acceso. | G8: =IF(D8=Clave!E4,"Coincide","Discute") -> Discute
B9: B | C9: Reconocer objetos en imágenes con variación de luz. | G9: =IF(D9=Clave!E5,"Coincide","Discute") -> Discute
B10: C | C10: Actualizar el riesgo cuando los sensores son imperfectos. | G10: =IF(D10=Clave!E6,"Coincide","Discute") -> Discute
B11: D | C11: Combinar visión, reglas, incertidumbre y supervisión humana. | G11: =IF(D11=Clave!E7,"Coincide","Discute") -> Discute
B13: Síntesis
B14: ¿Qué pierde una solución puramente simbólica en el caso B?

Sheet F04 Bayes
B2: F04 Actualizar una creencia con Bayes
B3: Modifica los tres parámetros y observa cómo cambia el posterior tras una alerta.
B5: Entradas editables
B6: Parámetro | C6: Símbolo | D6: Valor
B7: Probabilidad previa de contaminación | C7: P(C) | D7: 0.02
B8: Sensibilidad del sensor | C8: P(alerta|C) | D8: 0.9
B9: Tasa de falsos positivos | C9: P(alerta|L) | D9: 0.05
B11: Cálculo
B12: Probabilidad de pista libre | C12: P(L) | D12: =1-D7 -> 0.98
B13: Alertas verdaderas esperadas | C13: P(alerta|C)P(C) | D13: =D7*D8 -> 0.018
B14: Alertas falsas esperadas | C14: P(alerta|L)P(L) | D14: =D12*D9 -> 0.049
B15: Posterior tras una alerta | C15: P(C|alerta) | D15: =D13/(D13+D14) -> 0.26865672
B17: Reto: sube los falsos positivos a 15 %. Antes de cambiar el valor, predice si el posterior subirá o bajará.
B19: Mi predicción | E19: Explicación

Sheet F05 Utilidad
B2: F05 Comparar utilidad esperada
B3: EU significa utilidad esperada: probabilidad por consecuencia, sumada para todos los estados.
B5: Supuestos editables
B6: Dato | C6: Descripción | D6: Valor
B7: p | C7: P(C|alerta) | D7: 0.269
B8: U(Liberar,L) | C8: Liberar si la pista está libre | D8: 10
B9: U(Liberar,C) | C9: Liberar si existe contaminación | D9: -1000
B10: U(Inspeccionar) | C10: Inspeccionar en cualquier estado | D10: -8
B12: Comparación
B13: EU(Liberar) | C13: (1−p)U(Liberar,L)+pU(Liberar,C) | D13: =(1-D7)*D8+D7*D9 -> -261.69
B14: EU(Inspeccionar) | C14: Costo conocido | D14: =D10 -> -8
B16: Tu decisión | C16: Selecciona la acción con mayor utilidad | E16: =IF(D16=IF(D13>D14,"Liberar","Inspeccionar"),"Coherente","Revisar") -> Revisar
B18: Explica por qué EU no es una predicción de lo que ocurrirá literalmente.

Sheet F06 Umbral
B2: F06 Encontrar el umbral de decisión
B3: Calcula la probabilidad máxima de contaminación compatible con liberar bajo estas utilidades.
B5: Regla: liberar cuando EU(Liberar) > EU(Inspeccionar). Mantén U(Liberar,L) > U(Inspeccionar) > U(Liberar,C).
B7: Utilidad | C7: Significado | D7: Valor
B8: U(Liberar,L) | C8: Beneficio si está libre | D8: 10
B9: U(Liberar,C) | C9: Pérdida si está contaminada | D9: -1000
B10: U(Inspeccionar) | C10: Costo de inspección | D10: -8
B12: Resultado
B13: Umbral | C13: p* = [U(Liberar,L)−U(Inspeccionar)] / [U(Liberar,L)−U(Liberar,C)] | D13: =(D8-D10)/(D8-D9) -> 0.017821782
B14: Posterior actual | C14: P(C|alerta) | D14: 0.269
B15: Política sugerida | C15: Comparación con el umbral | D15: =IF(D14<D13,"Liberar","Inspeccionar") -> Inspeccionar
B17: Reto: cambia el costo de inspección a −30. ¿Cómo cambia el umbral? Explica el mecanismo, no sólo el número.

Sheet F07 Difusa
B2: F07 Probabilidad o lógica difusa
B3: Clasifica si la frase expresa incertidumbre sobre un hecho o gradualidad de un concepto.
B5: Probabilidad: no sabemos si el hecho ocurre. Lógica difusa: el concepto puede cumplirse en cierto grado.
B7: # | C7: Enunciado | D7: Tipo | E7: Variable o evento | F7: Revisión
B8: 1 | C8: Hay 20 % de probabilidad de lluvia. | F8: =IF(D8=Clave!H4,"Correcto","Revisar") -> Revisar
B9: 2 | C9: La visibilidad es baja con grado 0.8. | F9: =IF(D9=Clave!H5,"Correcto","Revisar") -> Revisar
B10: 3 | C10: El sensor tiene 5 % de falsos positivos. | F10: =IF(D10=Clave!H6,"Correcto","Revisar") -> Revisar
B11: 4 | C11: La pista está moderadamente congestionada. | F11: =IF(D11=Clave!H7,"Correcto","Revisar") -> Revisar
B12: 5 | C12: Existe 3 % de probabilidad de falla. | F12: =IF(D12=Clave!H8,"Correcto","Revisar") -> Revisar
B13: 6 | C13: La temperatura es ligeramente alta. | F13: =IF(D13=Clave!H9,"Correcto","Revisar") -> Revisar

Sheet F08 Diseño
B2: F08 Representar y optimizar un proceso
B3: Diseña una solución mínima y trazable para el caso de inspección de pista.
B5: A. Construye cinco triples de conocimiento
B6: Formato: sujeto — relación — objeto. Ejemplo: Sensor S1 — observa — Pista 09.
B8: Sujeto | C8: Relación | D8: Objeto
B15: B. Define el ciclo de mejora
B16: Problema | C16: Señal | D16: Decisión | E16: Acción | F16: Métrica | G16: Retroalimentación
B21: C. Verifica la gobernanza
B22: Regla o restricción | C22: ¿Qué no puede decidir el modelo por sí solo?
B23: Responsable | C23: ¿Quién autoriza la acción?
B24: Evidencia | C24: ¿Qué debe conservarse para auditoría?
B25: Escalamiento | C25: ¿Cuándo debe intervenir una persona?
B26: Mejora | C26: ¿Qué dato permitiría recalibrar el sistema?

Sheet Clave
B2: M101 Clave para facilitación
B3: F02 · Estado, observación, creencia o acción
B4: Estado | C4: Condición real del mundo | E4: Simbólico | F4: Reglas explícitas y auditables | H4: Probabilidad | I4: Incertidumbre sobre lluvia
B5: Observación | C5: Salida directa del sensor | E5: Conexionista | F5: Percepción a partir de patrones | H5: Lógica difusa | I5: Grado de visibilidad baja
B6: Creencia | C6: Estimación probabilística | E6: Probabilístico | F6: Actualización bajo incertidumbre | H6: Probabilidad | I6: Frecuencia de error
B7: Acción | C7: Intervención elegida | E7: Híbrido | F7: Integración de varios enfoques y supervisión | H7: Lógica difusa | I7: Grado de congestión
B8: Meta | C8: Criterio que orienta la conducta | H8: Probabilidad | I8: Incertidumbre sobre una falla
B9: Observación | C9: Información obtenida por percepción | H9: Lógica difusa | I9: Grado de temperatura alta
B11: F03 · Enfoques cognitivos
B13: F07 · Probabilidad o lógica difusa
B15: Ficha | C15: Resultado esperado | D15: Valor | E15: Lectura
B16: F04 | C16: Posterior con datos base | D16: 0.26865672 | E16: La alerta eleva 2 % a aproximadamente 26.9 %.
B17: F04 | C17: Posterior con falso positivo de 15 % | D17: 0.1097561 | E17: Aumentan las alertas falsas y baja el posterior.
B18: F05 | C18: EU(Liberar) | D18: -261.69 | E18: Es menor que −8.
B19: F05 | C19: Decisión | D19: Inspeccionar | E19: Se elige la mayor utilidad esperada.
B20: F06 | C20: Umbral base | D20: 0.017821782 | E20: Liberar sólo si p es menor a 1.78 %.
B21: F06 | C21: Umbral con inspección = −30 | D21: 0.03960396 | E21: Una inspección más costosa eleva el umbral.
B22: F08 | C22: Criterios | D22: Semántica + evidencia + autoridad | E22: Debe poder explicarse quién decidió, con qué datos y bajo qué regla.
